video,frame,label,scene_guess,scene_actual,scene_correct,x,y,radius,mean,contrast,fill_ratio,std_ratio,ring_diff,perimeter_ratio,perimeter_std,color_std,inner_mean,ring_mean,eccentricity,dark_ratio_full,edge_density_full,dark_ratio_top,edge_density_top,sat_mean_top,color_std_top,mask_ratio_full,largest_region_ratio
P9_9.mp4,0,1,virtual,virtual,1,1184,486,9,251.118576,-2.260532789,0.774703557,0.024893211,-6.785714286,0.770833333,0.034770634,6.251146793,255,248.2142857,1.098341776,0.582898341,0.017761863,0.398804889,0.024387977,45.7608314,65.72731165,1,0.998553723
P9_9.mp4,1,1,virtual,virtual,1,1186,482,11,251.1538391,-2.758259654,0.782493369,0.02531281,-2.467502458,0.866666667,0.026846946,6.357409,253.0619469,250.5944444,1.338806053,0.582873264,0.01785108,0.398704931,0.024605429,45.76326196,65.73949861,1,0.998553723
P9_9.mp4,2,1,virtual,virtual,1,1186,482,14,251.6688385,-2.658954666,0.822185971,0.025136501,0.033489026,0.842105263,0.021335079,6.326067448,251.4563758,251.4898649,1.089545913,0.582576678,0.01772907,0.398671612,0.024346766,45.81961893,65.70462182,1,0.998553723
P9_9.mp4,3,1,virtual,virtual,1,1182,486,9,251.229248,-2.168122296,0.786561265,0.025540811,-6.6,0.833333333,0.034770634,6.416604996,255,248.4,1.032065106,0.582433449,0.018262442,0.398669858,0.025388433,45.8245572,65.71047843,1,0.998553723
P9_9.mp4,4,1,virtual,virtual,1,1184,482,15,251.8857574,-2.51924121,0.839210155,0.024694487,0.751024402,1,0.021625066,6.220199108,251.6345178,252.3855422,1.06346305,0.58238233,0.017940297,0.398659336,0.024708895,45.84666456,65.69505319,1,0.998553723
P9_9.mp4,5,1,virtual,virtual,1,1184,483,9,251.4268799,-1.950037575,0.806324111,0.026144229,-5.657142857,0.875,0.034770641,6.573373318,255,249.3428571,1.311309401,0.582323013,0.018271605,0.39869704,0.025328809,45.84653742,65.70306357,1,0.998553723
P9_9.mp4,6,1,virtual,virtual,1,1184,482,10,251.3785553,-2.304371531,0.807570978,0.026653446,-2.473544974,0.857142857,0.034277385,6.700113773,253.5925926,251.1190476,1.383326488,0.582307099,0.01802228,0.398740881,0.024843925,45.8559247,65.69117837,1,0.998553723
P9_9.mp4,7,1,virtual,virtual,1,1182,484,7,254.7718048,2.304503977,1,0.002916093,-0.411764706,1,0.041002586,0.742937267,255,254.5882353,0.999999916,0.583314525,0.018370949,0.398725975,0.025371773,45.74107832,65.72098888,1,0.998553723
P9_9.mp4,8,1,virtual,virtual,1,1182,485,9,251.2371521,-2.18286251,0.798418972,0.025894375,-6.692857143,0.75,0.034770641,6.505635738,255,248.3071429,1.102078119,0.583526717,0.01799238,0.398747019,0.024712402,45.74017607,65.71004742,1,0.998553723
P9_9.mp4,9,1,virtual,virtual,1,1182,485,10,250.4574127,-3.273104829,0.760252366,0.027651904,-7.814594356,0.714285714,0.034277385,6.925617695,254.9753086,247.1607143,1.317463048,0.583645351,0.018410976,0.398643554,0.025571689,45.70028146,65.71333874,1,0.998553723
P9_9.mp4,10,1,virtual,virtual,1,1184,486,9,251.5968323,-1.806381749,0.81027668,0.023155394,-5.985714286,0.75,0.034770634,5.825824738,255,249.0142857,1.074457824,0.585307195,0.018238329,0.398745265,0.025206054,45.49518974,65.80820558,1,0.998553723
P9_9.mp4,11,1,virtual,virtual,1,1182,486,8,254.1065979,1.068948681,0.969543147,0.009361423,-1.629251701,0.909090909,0.039094963,2.378798723,254.7959184,253.1666667,1.042501427,0.586341628,0.018569637,0.398599712,0.02580054,45.33684326,65.86950623,1,0.998553723
P9_9.mp4,12,1,virtual,virtual,1,1184,480,9,251.3122559,-2.126750715,0.806324111,0.025649305,-6.221428571,0.833333333,0.034770634,6.445989609,255,248.7785714,1.148495665,0.586992188,0.018096065,0.398656706,0.024923716,45.26391958,65.89635501,1,0.998553723
P9_9.mp4,13,1,virtual,virtual,1,1184,480,9,251.3241119,-2.126581999,0.806324111,0.025664059,-6.2,0.833333333,0.034770634,6.449995041,255,248.8,1.148495665,0.587591628,0.018443287,0.398696163,0.025669893,45.17234235,65.91905563,1,0.998553723
P9_9.mp4,14,1,virtual,virtual,1,1182,478,9,251.33992,-2.088129627,0.81027668,0.025926049,-6.507142857,0.729166667,0.034770634,6.516256809,255,248.4928571,1.094812512,0.588975212,0.018255208,0.398593575,0.0253367,44.96484375,65.97224252,1,0.998553723
P9_9.mp4,15,1,virtual,virtual,1,1186,479,10,250.6782379,-3.100465238,0.76340694,0.025502071,-7.425925926,0.803571429,0.034277385,6.392817974,254.9259259,247.5,1.289443045,0.589914159,0.018520448,0.398565516,0.025914527,44.80683309,66.0311404,1,0.998553723
P9_9.mp4,16,1,virtual,virtual,1,1184,477,13,251.1398926,-2.641168298,0.79584121,0.025162945,-1.535794183,0.875,0.024875054,6.319421768,252.3691275,250.8333333,1.061163638,0.590881559,0.018186728,0.398648815,0.025414738,44.67594346,66.06133077,1,0.998553723
P9_9.mp4,17,1,virtual,virtual,1,1186,477,12,250.4194946,-3.68421216,0.750566893,0.027144813,-6.048013557,1,0.02219114,6.797595978,254.920354,248.8723404,1.038475166,0.591659915,0.018394579,0.398626894,0.025842628,44.58198829,66.07798855,1,0.998553723
P9_9.mp4,18,1,virtual,virtual,1,1186,477,14,251.4877625,8.698904341,0.8091354,0.025122475,-1.642957555,1,0.021335079,6.317998409,254.3422819,252.6993243,1.013571834,0.592389564,0.018168403,0.398667228,0.025233235,44.47013538,66.1106263,1,0.998553723
P9_9.mp4,19,1,virtual,virtual,1,1184,473,12,251.8185883,-1.919021073,0.839002268,0.022718443,1.268216908,0.890625,0.02219114,5.720918179,251.2743363,252.5425532,1.18315191,0.594508102,0.018434606,0.398588314,0.025947847,44.21539966,66.18462699,1,0.998553723
P9_9.mp4,20,1,virtual,virtual,1,1190,476,9,251.6363678,-1.847196848,0.837944664,0.02365541,-5.894897959,0.8125,0.034770634,5.952558041,254.9591837,249.0642857,1.014207025,0.595099344,0.017909433,0.398575161,0.025006138,44.15878139,66.19902892,1,0.998553723
P9_9.mp4,21,1,virtual,virtual,1,1192,474,9,251.3833923,-2.160800508,0.798418972,0.024686956,-6.45,0.75,0.034770634,6.205900669,255,248.55,1.04604745,0.595869985,0.018216146,0.398556748,0.02557432,44.10944252,66.22700909,1,0.998553723
P9_9.mp4,22,1,virtual,virtual,1,1194,477,10,250.835968,-2.80948112,0.772870662,0.025723254,-6.526234568,0.785714286,0.034277385,6.452310562,254.9012346,248.375,1.314282351,0.595677083,0.017878086,0.398592698,0.024955282,44.17708772,66.21679856,1,0.998553723
P9_9.mp4,23,1,virtual,virtual,1,1192,478,9,251.6403198,-1.808182732,0.806324111,0.023501125,-6.014285714,0.791666667,0.034770634,5.91383028,255,248.9857143,1.092750406,0.596045525,0.018172743,0.398581299,0.025617284,44.15296893,66.219637,1,0.998553723
P9_9.mp4,24,1,virtual,virtual,1,1166,474,8,253.4720764,0.582269253,0.939086294,0.01416369,-3.214285714,0.863636364,0.039094963,3.590096235,255,251.7857143,1.121882433,0.596561535,0.017964892,0.398679503,0.02496142,44.12350852,66.22405079,1,0.998553723
P9_9.mp4,25,1,virtual,virtual,1,1164,476,10,250.6593018,-2.32106707,0.757097792,0.025437001,-7.10515873,0.839285714,0.034277391,6.376023769,254.7777778,247.672619,1.326190462,0.597000386,0.018175637,0.398631278,0.025420875,44.08405934,66.24535039,1,0.998553723
P9_9.mp4,26,1,virtual,virtual,1,1167,473,14,251.2234955,4.259506564,0.820554649,0.025664305,-1.601374025,1,0.021335079,6.447472095,253.4966443,251.8952703,1.021184555,0.597932581,0.017861208,0.3985699,0.024829896,44.04848573,66.24594285,1,0.998553723
P9_9.mp4,27,1,virtual,virtual,1,1108,496,10,240.3501587,30.18835024,0.974763407,0.157572652,-24.24669312,0.696428571,0.034277391,37.87262344,254.0740741,229.827381,1.090472667,0.598521412,0.01835407,0.398554118,0.025631313,44.01218347,66.25744458,1,0.998553723
P9_9.mp4,28,1,virtual,virtual,1,1108,494,9,246.6798401,36.14587369,0.980237154,0.101245924,-14.67346939,0.6875,0.034770634,24.97530556,254.9591837,240.2857143,1.074642309,0.599018133,0.018032407,0.398630401,0.025120125,44.01291298,66.26924611,1,0.998553723
P9_9.mp4,29,1,virtual,virtual,1,1110,496,10,248.5930634,34.42530607,0.996845426,0.05671008,-10.87191358,0.767857143,0.034277391,14.09775257,254.5802469,243.7083333,1.012689116,0.59940924,0.018220486,0.39862514,0.025562044,43.97237304,66.2655239,1,0.998553723
P9_9.mp4,30,1,virtual,virtual,1,1108,494,9,242.6047363,34.87062384,0.944664032,0.146568201,-21.81836735,0.791666667,0.034770634,35.55818176,254.9183673,233.1,1.202930185,0.599480613,0.017931134,0.398619879,0.025119248,43.98708351,66.26776985,1,0.998553723
P9_9.mp4,31,1,virtual,virtual,1,1108,494,8,248.4162445,39.52184598,0.974619289,0.097633402,-14.03061224,0.840909091,0.039094963,24.25370598,254.9591837,240.9285714,1.094703672,0.598991609,0.018370467,0.398601466,0.025494529,43.98384628,66.27312892,1,0.998553723
P9_9.mp4,32,1,virtual,virtual,1,1108,494,8,245.4517822,38.38382998,0.974619289,0.11683276,-19.5,0.772727273,0.039094963,28.67682648,255,235.5,1.094703672,0.599085166,0.018089313,0.398587437,0.024911441,44.00617196,66.26326413,1,0.998553723
P9_9.mp4,33,1,virtual,virtual,1,1110,494,9,247.8735199,35.07950967,0.996047431,0.062757146,-12.19693878,0.645833333,0.034770634,15.55582714,254.7755102,242.5785714,1.016210161,0.599030671,0.018334298,0.398523429,0.025420875,44.01996177,66.26956333,1,0.998553723
P9_9.mp4,34,1,virtual,virtual,1,1110,494,9,247.118576,34.46335326,0.996047431,0.070121461,-13.50612245,0.666666667,0.034770634,17.32831955,254.7346939,241.2285714,1.016210161,0.599126157,0.017936921,0.398552364,0.024786055,44.06438429,66.26876556,1,0.998553723
P9_9.mp4,35,1,virtual,virtual,1,1110,492,10,241.7697144,28.95888747,0.968454259,0.141457747,-24.32032628,0.821428571,0.034277391,34.20019531,254.8024691,230.4821429,1.115391436,0.599345583,0.01821277,0.398587437,0.025198162,44.04503016,66.2984725,1,0.998553723
P9_9.mp4,36,1,virtual,virtual,1,1110,492,10,241.823349,29.03572259,0.968454259,0.138213313,-24.22508818,0.821428571,0.034277391,33.42320633,254.8024691,230.577381,1.115391436,0.599439622,0.018016493,0.39856727,0.02483165,44.05375719,66.29357244,1,0.998553723
P9_9.mp4,37,1,virtual,virtual,1,1108,492,9,234.9169922,27.09595493,0.936758893,0.230096595,-33.67142857,0.833333333,0.034770634,54.05356979,255,221.3285714,1.233093306,0.599598283,0.018299576,0.398590944,0.025384049,44.04344048,66.31417184,1,0.998553723
P9_9.mp4,38,1,virtual,virtual,1,1110,494,8,250.5228424,36.43376986,0.994923858,0.067636113,-10.14285714,0.795454545,0.039094963,16.94440842,255,244.8571429,1.021246124,0.599663387,0.017955247,0.398604097,0.024800961,44.07223713,66.31406746,1,0.998553723
P9_9.mp4,39,0,virtual,virtual,1,1232,366,9,246.1027679,-2.942520587,0.770750988,0.047253457,2.821428571,0.708333333,0.034770634,19.85478401,243.7142857,246.5357143,1.517473365,0.59981385,0.018182388,0.398612865,0.025327055,44.05651743,66.33412427,1,0.998553723
P9_9.mp4,40,1,virtual,virtual,1,1116,492,9,251.5256958,17.81276666,1,0.023595143,-5.78877551,0.875,0.034770634,5.934783459,254.7959184,249.0071429,0.999999951,0.599824942,0.017610918,0.398593575,0.024469522,44.08560255,66.33429189,1,0.998553723
P9_9.mp4,41,1,virtual,virtual,1,1114,492,8,254.4873047,23.64341121,1,0.005437473,-1.083333333,1,0.039094963,1.383768916,255,253.9166667,0.999999937,0.59986738,0.018108603,0.398575161,0.025412107,44.06834754,66.3558984,1,0.998553723
P9_9.mp4,42,1,virtual,virtual,1,1116,490,10,249.8580475,17.87529912,1,0.036619815,-8.106040564,0.767857143,0.034277391,9.149745941,254.8024691,246.6964286,0.999999961,0.599975887,0.017836613,0.398594451,0.024894781,44.08959824,66.36984918,1,0.998553723
P9_9.mp4,43,1,virtual,virtual,1,1114,494,9,251.2094879,28.11891085,1,0.025625071,-6.457142857,0.6875,0.034770634,6.440553188,254.8571429,248.4,0.999999951,0.599829765,0.01820409,0.398537458,0.025399832,44.13045209,66.36840449,1,0.998553723
P9_9.mp4,44,1,virtual,virtual,1,1116,492,7,254.8322144,17.00938439,1,0.002245879,-0.279411765,1,0.041002586,0.572322667,255,254.7205882,0.999999916,0.600336613,0.017866995,0.398520798,0.024935115,44.18075284,66.41567657,1,0.998553723
P9_9.mp4,45,1,virtual,virtual,1,1116,490,10,248.7507935,19.17732528,1,0.037434498,-10.60405644,0.75,0.034277391,9.311869621,254.9135802,244.3095238,0.999999961,0.600223765,0.01817419,0.398535704,0.025541877,44.20019729,66.43148509,1,0.998553723
P9_9.mp4,46,1,virtual,virtual,1,1116,492,10,248.5615082,23.12129402,1,0.035138488,-11.89880952,0.553571429,0.034277391,8.7340765,255,243.1011905,0.999999961,0.599601659,0.017863619,0.398581299,0.024905303,44.36283495,66.41655341,1,0.998553723
P9_9.mp4,47,1,virtual,virtual,1,1116,498,9,249.3913116,31.65719915,1,0.052019067,-9.802040816,0.583333333,0.034770634,12.97309971,254.9591837,245.1571429,0.999999951,0.59931086,0.018122589,0.398557625,0.025405093,44.38280198,66.43371742,1,0.998553723
P9_9.mp4,48,1,virtual,virtual,1,1116,500,7,254.4563751,33.58241555,1,0.00881099,-1.191176471,0.972222222,0.041002586,2.242012739,255,253.8088235,0.999999916,0.59918017,0.018013117,0.398572531,0.025028935,44.46543473,66.43774853,1,0.998553723
P9_9.mp4,49,1,virtual,virtual,1,1116,500,10,240.728714,29.73466283,0.955835962,0.140152295,-25.64880952,0.803571429,0.034277391,33.73866272,255,229.3511905,1.158264341,0.598902874,0.017973573,0.398518168,0.02535073,44.49868564,66.4452579,1,0.998553723
P9_9.mp4,50,1,virtual,virtual,1,1114,498,9,240.4031677,30.88381053,0.936758893,0.150016943,-23.41122449,0.833333333,0.034770634,36.06453323,254.9183673,231.5071429,1.228694266,0.598680073,0.017993827,0.398484848,0.025078037,44.55756611,66.44623379,1,0.998553723
P9_9.mp4,51,1,virtual,virtual,1,1118,500,9,246.4110718,32.46658675,0.976284585,0.085345666,-14.65408163,0.708333333,0.034770634,21.03013992,254.7755102,240.1214286,1.088677562,0.599129533,0.018331887,0.398480464,0.025701459,44.52279303,66.48769174,1,0.998553723
P9_9.mp4,52,1,virtual,virtual,1,1120,504,9,247.110672,35.39701239,0.992094862,0.08782586,-13.98265306,0.645833333,0.034770634,21.70272064,254.9183673,240.9357143,1.029494931,0.599456019,0.017806713,0.398533074,0.024950021,44.51259382,66.53316733,1,0.998553723
P9_9.mp4,53,1,virtual,virtual,1,1118,506,9,225.4347839,21.70578467,0.869565217,0.291136193,-49.44081633,0.729166667,0.034770634,65.63227081,254.6122449,205.1714286,1.481536832,0.599475309,0.018192998,0.398488356,0.025524341,44.52280531,66.55396221,1,0.998553723
P9_9.mp4,54,1,virtual,virtual,1,1120,506,9,237.3873444,25.98266942,0.928853755,0.159609496,-30.85306122,0.75,0.034770634,37.88786697,254.7959184,223.9428571,1.258659928,0.599215856,0.017982253,0.398486602,0.025005261,44.59856289,66.54819444,1,0.998553723
P9_9.mp4,55,1,virtual,virtual,1,1120,504,9,235.4980164,27.17003973,0.924901186,0.174336453,-31.48877551,0.770833333,0.034770634,41.05584335,253.9387755,222.45,1.269312342,0.599129051,0.018114873,0.398505015,0.02533407,44.61928925,66.56022747,1,0.998553723
P9_9.mp4,56,1,virtual,virtual,1,1120,504,8,238.1065979,30.05609285,0.913705584,0.160322492,-28.42687075,0.75,0.039094963,38.17383575,253.2244898,224.797619,1.311265797,0.599133391,0.018015529,0.398543596,0.025136785,44.63907127,66.55514203,1,0.998553723
P9_9.mp4,57,1,virtual,virtual,1,1120,506,8,226.1725922,28.6207097,0.852791878,0.231289542,-37.70238095,0.704545455,0.039094963,52.31138229,251.1428571,213.4404762,1.525084249,0.599056231,0.018287037,0.398471696,0.025696198,44.66616775,66.57862835,1,0.998553723
P9_9.mp4,58,1,virtual,virtual,1,1123,505,11,232.7135315,18.41279075,0.888594164,0.211207325,-32.78780728,0.783333333,0.026846946,49.15080643,252.7433628,219.9555556,1.408423923,0.59899836,0.01802662,0.398464682,0.025092943,44.69438219,66.58621268,1,0.998553723
P9_9.mp4,59,1,virtual,virtual,1,1122,508,9,229.450592,25.18105223,0.869565217,0.208652512,-41.15816327,0.708333333,0.034770634,47.87320328,254.8367347,213.6785714,1.481536832,0.598889853,0.018194444,0.398491863,0.025674277,44.71116635,66.60676775,1,0.998553723
P9_9.mp4,60,1,virtual,virtual,1,1124,510,8,247.5126953,41.61186887,0.994923858,0.095864351,-16.85204082,0.75,0.039094963,23.72766685,254.9591837,238.1071429,1.021246124,0.598832948,0.018055556,0.39847608,0.025206054,44.74881366,66.60138942,1,0.998553723
P9_9.mp4,61,1,virtual,virtual,1,1122,510,8,228.2791901,31.19379061,0.878172589,0.241507822,-46.42687075,0.681818182,0.039094963,55.13063049,253.7959184,207.3690476,1.410940942,0.598803048,0.018320313,0.398485725,0.025682169,44.73689411,66.61202433,1,0.998553723
P9_9.mp4,62,1,virtual,virtual,1,1124,510,10,228.1955872,17.61141107,0.880126183,0.238987497,-44.57164903,0.714285714,0.034277391,54.53413391,254.5061728,209.9345238,1.426264515,0.598908179,0.018149113,0.398524306,0.02531741,44.74043911,66.62969464,1,0.998553723
P9_9.mp4,63,1,virtual,virtual,1,1124,510,8,240.1522827,37.19635985,0.934010152,0.175373873,-32.27040816,0.727272727,0.039094963,42.11648178,254.877551,222.6071429,1.236013306,0.598777488,0.018257137,0.398532197,0.025671647,44.73540439,66.63863031,1,0.998553723
P9_9.mp4,64,1,virtual,virtual,1,1126,510,8,252.0964508,42.24704768,0.994923858,0.074788261,-6.455782313,0.840909091,0.039094963,18.85383987,254.8367347,248.3809524,1.021246124,0.598682002,0.018002025,0.398505892,0.025184133,44.78475116,66.63251991,1,0.998553723
P9_9.mp4,65,1,virtual,virtual,1,1126,508,9,240.3162079,31.81145989,0.960474308,0.200035201,-26.25204082,0.791666667,0.034770634,48.07173538,254.9591837,228.7071429,1.140308832,0.598490548,0.018230613,0.398480464,0.025604132,44.80038405,66.63774634,1,0.998553723
P9_9.mp4,66,1,virtual,virtual,1,1126,510,8,252.6497498,40.02073231,0.994923858,0.044576261,-5.268707483,0.795454545,0.039094963,11.26217556,254.9591837,249.6904762,1.021246124,0.597948013,0.018016975,0.398493617,0.025092066,44.89672769,66.60322493,1,0.998553723
P9_9.mp4,67,1,virtual,virtual,1,1126,510,9,246.6877441,33.23266744,0.972332016,0.105841119,-14.78265306,0.770833333,0.034770634,26.10970497,254.9183673,240.1357143,1.099993996,0.597613329,0.018373843,0.398483972,0.025655864,44.92935431,66.59895208,1,0.998553723
P9_9.mp4,68,1,virtual,virtual,1,1126,510,8,253.5228424,38.15185985,0.994923858,0.036169912,-2.984693878,0.954545455,0.039094963,9.169890404,254.877551,251.8928571,1.021246124,0.597500965,0.017948978,0.398493617,0.02496405,44.95740302,66.58631382,1,0.998553723
P9_9.mp4,69,1,virtual,virtual,1,1126,510,8,253.5786743,37.16177808,0.994923858,0.036603368,-2.853741497,0.954545455,0.039094963,9.281816483,254.877551,252.0238095,1.021246124,0.597289255,0.018322724,0.3985094,0.025567305,44.98674418,66.58778388,1,0.998553723
P9_9.mp4,70,1,virtual,virtual,1,1128,514,8,254.0558319,26.06960601,1,0.01144102,-2.214285714,0.909090909,0.039094963,2.906661034,255,252.7857143,0.999999937,0.597259838,0.01800733,0.398519921,0.025049102,44.95909179,66.56627638,1,0.998553723
P9_9.mp4,71,1,virtual,virtual,1,1130,514,12,249.7891083,22.44633443,1,0.029077853,-6.968273395,0.953125,0.02219114,7.263334274,254.8938053,247.9255319,0.999999972,0.597055363,0.018229167,0.398513784,0.025514696,44.99095556,66.56346879,1,0.998553723
P9_9.mp4,72,1,virtual,virtual,1,1130,514,10,249.7602539,16.90362095,1,0.030002288,-9.541666667,0.625,0.034277391,7.493385315,255,245.4583333,0.999999961,0.596654128,0.017907986,0.398502385,0.024975449,45.05409477,66.53285457,1,0.998553723
P9_9.mp4,73,1,virtual,virtual,1,1128,514,10,249.848587,22.66238834,1,0.028871284,-9.305555556,0.696428571,0.034277391,7.213452816,254.8888889,245.5833333,0.999999961,0.596416377,0.018177566,0.398487479,0.02546384,45.07533144,66.51539402,1,0.998553723
P9_9.mp4,74,1,virtual,virtual,1,1128,516,9,251.1976318,18.6001154,1,0.026302058,-6.75,0.770833333,0.034770634,6.607014179,255,248.25,0.999999951,0.596604456,0.018000579,0.398502385,0.025065762,45.05110831,66.51611396,1,0.998553723
P9_9.mp4,75,1,virtual,virtual,1,1128,514,8,253.9289398,15.10616663,0.954314721,0.011887417,-2.416666667,0.909090909,0.039094963,3.018565178,255,252.5833333,1.116776208,0.59642554,0.018243634,0.398484848,0.025528725,45.04567901,66.50309722,1,0.998553723
P9_9.mp4,76,1,virtual,virtual,1,1128,514,8,253.9289398,15.10616663,0.954314721,0.011887417,-2.416666667,0.909090909,0.039094963,3.018565178,255,252.5833333,1.116776208,0.596428434,0.017941744,0.398487479,0.02498071,45.04469697,66.5037153,1,0.998553723
P9_9.mp4,77,1,virtual,virtual,1,1122,516,9,247.0434723,33.63879734,0.972332016,0.105744519,-13.79183673,0.6875,0.034770634,26.12947083,254.7346939,240.9428571,1.102174271,0.596068673,0.018192033,0.398447145,0.025386679,45.08918701,66.47816378,1,0.998553723
P9_9.mp4,78,1,virtual,virtual,1,1122,516,9,249.6363678,34.37340213,0.996047431,0.054352002,-8.712244898,0.708333333,0.034770634,13.57027054,254.6122449,245.9,1.016006832,0.596358989,0.017927276,0.398554994,0.024874614,45.02756822,66.48465295,1,0.998553723
P9_9.mp4,79,1,virtual,virtual,1,1124,516,10,249.6214447,25.69521032,1,0.02786459,-9.884259259,0.642857143,0.034277391,6.958138943,254.9259259,245.0416667,0.999999961,0.596271701,0.018156346,0.398562009,0.025319164,45.01860094,66.48657866,1,0.998553723
P9_9.mp4,80,1,virtual,virtual,1,1124,516,10,249.5772858,24.06390088,1,0.027893844,-9.842592593,0.589285714,0.034277391,6.963685513,254.9259259,245.0833333,0.999999961,0.596166088,0.017912809,0.398554994,0.024869353,45.04436553,66.46513969,1,0.998553723
P9_9.mp4,81,1,virtual,virtual,1,1124,518,9,251.2094879,21.80335205,1,0.024724432,-6.498979592,0.6875,0.034770634,6.211221218,254.877551,248.3785714,0.999999951,0.596049383,0.018106192,0.398529566,0.025203423,45.02798383,66.46032148,1,0.998553723
P9_9.mp4,82,1,virtual,virtual,1,1126,516,9,251.1422882,10.77632765,0.790513834,0.023941773,-6.139795918,0.854166667,0.034770634,6.012788296,254.6326531,248.4928571,1.086320233,0.596100984,0.017844329,0.398530443,0.02473783,45.00838682,66.45901504,1,0.998553723
P9_9.mp4,83,1,virtual,virtual,1,1124,518,9,251.5296478,18.57128406,1,0.023042797,-6.082653061,0.604166667,0.034770634,5.796971798,254.9183673,248.8357143,0.999999951,0.596000675,0.018004437,0.39851466,0.025085929,45.00644729,66.46307022,1,0.998553723
P9_9.mp4,84,1,virtual,virtual,1,1124,518,10,250.4984283,19.28010592,1,0.026071967,-7.895282187,0.839285714,0.034277391,6.531603336,254.9012346,247.0059524,0.999999961,0.595887346,0.017894001,0.398517291,0.024930731,45.03851887,66.43932072,1,0.998553723
P9_9.mp4,85,1,virtual,virtual,1,1122,518,11,249.6366119,26.41685885,1,0.027408406,-9.397492625,0.683333333,0.026846937,6.847386837,254.8141593,245.4166667,0.999999967,0.595813079,0.018142843,0.398505892,0.025364759,45.03773499,66.43555313,1,0.998553723
P9_9.mp4,86,1,virtual,virtual,1,1122,518,7,254.4093933,13.48906037,0.993288591,0.006831136,-0.910750507,0.972222222,0.041002586,1.737905025,254.7931034,253.8823529,1.028702984,0.595806327,0.017942226,0.39847608,0.024854447,45.02476326,66.41981118,1,0.998553723
P9_9.mp4,87,1,virtual,virtual,1,1122,516,11,249.4933624,22.32397971,1,0.028179033,-9.939233038,0.7,0.026846937,7.03048563,254.6725664,244.7333333,0.999999967,0.596047454,0.018206019,0.39851466,0.025398078,44.96960578,66.42444322,1,0.998553723
P9_9.mp4,88,1,virtual,virtual,1,1121,516,7,149.7449646,31.2586388,0.993288591,0.024699583,-0.868154158,0.944444444,0.041002574,3.73900485,150.1034483,149.2352941,1.028702984,0.59491223,0.016087481,0.396464646,0.021540053,52.35919437,43.74155711,1,0.998553723
P9_9.mp4,89,1,virtual,virtual,1,1122,516,8,149.4568481,35.33747257,0.979695431,0.032102151,-1.539115646,0.886363636,0.039094963,4.913388252,149.9795918,148.4404762,1.034076188,0.59463397,0.016340181,0.39646377,0.021779426,52.33834175,43.68138615,1,0.998553723
P9_9.mp4,90,,virtual,virtual,1,,,,,,,,,,,,,,,0.594663387,0.015998746,0.3964664,0.021109533,52.35190271,43.6731111,1,0.998553723
P9_9.mp4,91,0,virtual,virtual,1,1414,776,6,214.203537,64.33953699,0.911504425,0.197241452,-28.52586207,0.65625,0.053725803,42.24936295,230.2758621,201.75,1.338203502,0.594618538,0.01634211,0.396469031,0.021725063,52.33169367,43.66561601,1,0.998553723
P9_9.mp4,92,0,virtual,virtual,1,1472,822,6,114.6283188,51.70991879,0.920353982,0.206522827,-12.82381466,0.59375,0.053725803,23.67336082,121.6206897,108.796875,1.242356078,0.594609857,0.016086998,0.396470784,0.021271745,52.34383067,43.64549064,1,0.998553723
P9_9.mp4,93,1,virtual,virtual,1,1120,516,8,148.4213257,34.55172054,0.979695431,0.043309541,-3.212585034,0.772727273,0.039094968,6.500879288,149.7959184,146.5833333,1.020735782,0.594625289,0.016199363,0.39646377,0.02170665,52.31755314,43.64496738,1,0.998553723
P9_9.mp4,94,1,virtual,virtual,1,1120,516,8,147.7664948,33.96759668,0.949238579,0.055285154,-5.389455782,0.659090909,0.039094963,8.197386742,150.1632653,144.7738095,1.115585971,0.594925733,0.015878665,0.396464646,0.021253332,52.30272955,43.66277467,1,0.998553723
P9_9.mp4,95,1,virtual,virtual,1,1120,514,8,148.7715759,34.62189732,0.974619289,0.042578482,-2.955782313,0.795454545,0.039094963,6.432611942,149.9795918,147.0238095,1.023674561,0.594970583,0.016358989,0.396458509,0.021867109,52.28545262,43.67404371,1,0.998553723
P9_9.mp4,96,0,virtual,virtual,1,1464,814,6,140.8849487,61.15534873,0.938053097,0.20884838,-16.71012931,0.78125,0.053725803,29.42359352,150.2413793,133.53125,1.224498691,0.595052083,0.016033951,0.396464646,0.021199846,52.29149043,43.65705675,1,0.998553723
P9_9.mp4,97,1,virtual,virtual,1,1118,514,8,148.0050812,33.6001225,0.949238579,0.056424504,-5.425170068,0.704545455,0.039094963,8.507005692,150.3061224,144.8809524,1.120564337,0.595133584,0.016255305,0.3964664,0.02178118,52.25057344,43.6672294,1,0.998553723
P9_9.mp4,98,1,virtual,virtual,1,1118,514,8,148.0050812,33.61481488,0.949238579,0.056424504,-5.425170068,0.704545455,0.039094963,8.507005692,150.3061224,144.8809524,1.120564337,0.595382427,0.015977045,0.396467277,0.021150744,52.21441498,43.6767308,1,0.998553723
P9_9.mp4,99,,virtual,virtual,1,,,,,,,,,,,,,,,0.595258005,0.016155961,0.396461139,0.021644395,52.19458912,43.66965334,1,0.998553723
P9_9.mp4,100,1,virtual,virtual,1,1116,516,8,149.8223419,36.11618949,1,0.019920573,-0.401360544,0.909090909,0.039094963,3.160473585,149.877551,149.4761905,0.999999937,0.595295139,0.015899884,0.39646377,0.02115162,52.21013521,43.6425076,1,0.998553723
P9_9.mp4,101,1,virtual,virtual,1,1116,516,8,149.9035492,36.04679988,0.994923858,0.022207439,-0.290816327,0.954545455,0.039094963,3.485255957,149.8979592,149.6071429,1.021246124,0.595218943,0.016293885,0.396453248,0.021840804,52.2093522,43.61809332,1,0.998553723
P9_9.mp4,102,1,virtual,virtual,1,1116,518,8,145.4517822,32.35903659,0.923857868,0.085054478,-9.976190476,0.590909091,0.039094963,12.34746933,149.7142857,139.7380952,1.191272174,0.594978299,0.015898438,0.396455001,0.021138468,52.23498264,43.57322855,1,0.998553723
P9_9.mp4,103,1,virtual,virtual,1,1118,514,8,149.3045654,35.14754064,0.984771574,0.036702685,-1.726190476,0.75,0.039094963,5.589978695,150,148.2738095,1.058145379,0.594941165,0.016122203,0.396458509,0.021570742,52.22926487,43.49940987,1,0.998553723
P9_9.mp4,104,1,virtual,virtual,1,1154,500,8,148.6548157,29.43443,0.92893401,0.070469463,-9.488095238,0.681818182,0.039094963,10.5603056,152.8571429,143.3690476,1.177338125,0.594912712,0.015959684,0.396458509,0.021189324,52.22082983,43.46349684,1,0.998553723
P9_9.mp4,105,1,virtual,virtual,1,1154,500,8,148.8071136,29.62988683,0.92893401,0.067745823,-9.166666667,0.681818182,0.039094963,10.099576,152.8571429,143.6904762,1.177338125,0.594834105,0.016174286,0.396452371,0.021691744,52.23647938,43.43182107,1,0.998553723
P9_9.mp4,106,1,virtual,virtual,1,1152,500,8,149.883255,31.23862691,0.944162437,0.059834338,-7.226190476,0.613636364,0.039094963,8.892204285,153,145.7738095,1.150494417,0.594943094,0.015835745,0.396462016,0.021111286,52.194412,43.40616402,1,0.998553723
P9_9.mp4,107,,virtual,virtual,1,,,,,,,,,,,,,,,0.595086323,0.016100502,0.396452371,0.021597924,52.17700179,43.38610007,1,0.998553723
P9_9.mp4,108,1,virtual,virtual,1,1196,482,10,161.5110474,33.62348044,0.772870662,0.181736716,-27.08355379,0.571428571,0.034277385,31.15930367,179.5061728,152.422619,1.403612314,0.595171682,0.015670332,0.396487444,0.020933291,52.12308063,43.3320392,1,0.998553723
P9_9.mp4,109,,virtual,virtual,1,,,,,,,,,,,,,,,0.595296103,0.01586034,0.396483937,0.021495335,52.08095802,43.32970734,1,0.998553723
P9_9.mp4,110,,virtual,virtual,1,,,,,,,,,,,,,,,0.594899691,0.01569348,0.396493582,0.021099888,52.13427241,43.30230323,1,0.998553723
P9_9.mp4,111,,virtual,virtual,1,,,,,,,,,,,,,,,0.594543789,0.015999228,0.396479552,0.021587402,52.17589348,43.28032825,1,0.998553723
P9_9.mp4,112,,virtual,virtual,1,,,,,,,,,,,,,,,0.594307967,0.01574701,0.39648569,0.021013082,52.20676119,43.24850565,1,0.998553723
P9_9.mp4,113,,virtual,virtual,1,,,,,,,,,,,,,,,0.593643904,0.01604456,0.39650235,0.02161546,52.25406496,43.21470804,1,0.998553723
P9_9.mp4,114,,virtual,virtual,1,,,,,,,,,,,,,,,0.593446663,0.015630305,0.396506734,0.020969241,52.26812132,43.18755441,1,0.998553723
P9_9.mp4,115,,virtual,virtual,1,,,,,,,,,,,,,,,0.593240258,0.015899884,0.396496212,0.021565481,52.24387012,43.16820339,1,0.998553723
P9_9.mp4,116,,virtual,virtual,1,,,,,,,,,,,,,,,0.593069541,0.01555652,0.396513749,0.020959596,52.24417614,43.15359822,1,0.998553723
P9_9.mp4,117,1,virtual,virtual,1,1184,472,7,160.2684631,29.03540725,0.986577181,0.076574188,2.85040568,0.722222222,0.041002586,14.69642544,157.5172414,160.3676471,1.050845633,0.593196856,0.015945216,0.396518133,0.02144711,52.18800856,43.14215075,1,0.998553723
P9_9.mp4,118,,virtual,virtual,1,,,,,,,,,,,,,,,0.594526427,0.01554591,0.396531285,0.020948197,51.97358305,43.13266513,1,0.998553723
P9_9.mp4,119,,virtual,virtual,1,,,,,,,,,,,,,,,0.595878183,0.015991995,0.396529531,0.021616337,51.76985129,43.14810221,1,0.998553723
P9_9.mp4,120,,virtual,virtual,1,,,,,,,,,,,,,,,0.596622299,0.015623071,0.396547945,0.02118757,51.64493108,43.1712001,1,0.998553723
P9_9.mp4,121,,virtual,virtual,1,,,,,,,,,,,,,,,0.597652874,0.015993441,0.396542684,0.021829405,51.4672708,43.1924563,1,0.998553723
P9_9.mp4,122,,virtual,virtual,1,,,,,,,,,,,,,,,0.600363137,0.015734954,0.396555836,0.021412914,51.05641309,43.22483376,1,0.998553723
P9_9.mp4,123,,virtual,virtual,1,,,,,,,,,,,,,,,0.604123746,0.01594811,0.396554082,0.02180047,50.3474046,43.26054868,1,0.998553723
P9_9.mp4,124,,virtual,virtual,1,,,,,,,,,,,,,,,0.605636092,0.015666956,0.396568988,0.021380471,50.04581755,43.28497377,1,0.998553723
P9_9.mp4,125,,virtual,virtual,1,,,,,,,,,,,,,,,0.607107928,0.015991512,0.396564604,0.021999509,49.73387609,43.28913374,1,0.998553723
P9_9.mp4,126,,virtual,virtual,1,,,,,,,,,,,,,,,0.60963831,0.015639468,0.39655759,0.021437465,49.19986234,43.31273796,1,0.998553723
P9_9.mp4,127,1,virtual,virtual,1,1232,484,8,148.0659943,16.9080512,0.984771574,0.057210664,-0.948979592,0.863636364,0.039094963,8.448738098,148.4489796,147.5,1.021203414,0.614053337,0.015932195,0.396550575,0.022026691,48.35284705,43.35954921,1,0.998553723
P9_9.mp4,128,,virtual,virtual,1,,,,,,,,,,,,,,,0.620653453,0.014233218,0.396550575,0.021448864,47.32275007,43.39894148,1,0.998553723
P9_9.mp4,129,,virtual,virtual,1,,,,,,,,,,,,,,,0.62363233,0.016241802,0.396551452,0.022884224,46.88316498,43.43365393,1,0.998553723
P9_9.mp4,130,1,virtual,virtual,1,1296,488,8,142.8934021,20.63536721,0.954314721,0.065665744,-6.416666667,0.772727273,0.039094963,9.473300934,145.7142857,139.297619,1.057123858,0.626914545,0.015801505,0.396570742,0.022356376,46.39379472,43.46963067,1,0.998553723
P9_9.mp4,131,,virtual,virtual,1,,,,,,,,,,,,,,,0.62947338,0.01611304,0.396555836,0.022839506,46.02048085,43.44340554,1,0.998553723
P9_9.mp4,132,1,virtual,virtual,1,1342,512,8,140.0253754,42.74346536,0.979695431,0.053182448,-4.69047619,0.772727273,0.039094963,7.446905613,142,137.3095238,1.042621317,0.632389082,0.01584539,0.396564604,0.022367775,45.58564201,43.39949944,1,0.998553723
P9_9.mp4,133,,virtual,virtual,1,,,,,,,,,,,,,,,0.639754051,0.014899691,0.397188026,0.023296331,44.63684589,43.37881881,1,0.998553723
P9_9.mp4,134,1,virtual,virtual,1,1342,526,7,136.2617493,42.09646984,0.993288591,0.041657129,-2.359533469,0.861111111,0.041002586,5.676270962,137.3448276,134.9852941,1.028702984,0.643544078,0.015747975,0.397689569,0.022845644,44.09619283,43.86101469,1,0.998553723
P9_9.mp4,135,,virtual,virtual,1,,,,,,,,,,,,,,,0.646669078,0.01617284,0.398215664,0.023750526,43.61245967,44.36809286,1,0.998553723
P9_9.mp4,136,,virtual,virtual,1,,,,,,,,,,,,,,,0.649826389,0.015510224,0.398867144,0.022722012,43.16768291,44.66716361,1,0.998553723
P9_9.mp4,137,1,virtual,reality,0,1310,806,9,121.3517761,93.43504858,1,0.051651152,-2.802040816,0.854166667,0.034770634,6.26796484,122.9591837,120.1571429,0.999999951,0.65302228,0.01616223,0.399511609,0.023974116,42.67383382,44.89781581,1,0.998553723
P9_9.mp4,138,1,virtual,reality,0,1284,886,10,118.6309128,93.9759455,0.996845426,0.087824086,-4.506393298,0.660714286,0.034277391,10.41866112,121.0123457,116.5059524,1.012689116,0.658848862,0.015828029,0.402218364,0.024067936,41.83735445,45.3845111,1,0.998553723
P9_9.mp4,139,1,virtual,reality,0,1284,888,10,111.7160873,86.65600406,0.930599369,0.244981798,-17.5617284,0.571428571,0.034277391,27.3684082,121.0617284,103.5,1.131114882,0.662286362,0.016148727,0.404919858,0.024947391,41.25512854,45.75176624,1,0.998553723
P9_9.mp4,140,1,virtual,reality,0,1256,890,10,118.2839127,93.3196057,0.990536278,0.104213981,-5.958553792,0.642857143,0.034277391,12.32683849,121.5061728,115.547619,1.013047109,0.665566647,0.015515529,0.407913335,0.024107393,40.56272184,46.14193049,1,0.998553723
P9_9.mp4,141,1,virtual,reality,0,1256,890,10,118.6908493,93.76045073,0.990536278,0.099351052,-5.25617284,0.660714286,0.034277391,11.79206467,121.5061728,116.25,1.013047109,0.668803048,0.016168981,0.411044473,0.025547138,39.88173401,46.51692184,1,0.998553723
P9_9.mp4,142,1,virtual,reality,0,1258,894,10,119.5867538,93.89192934,1,0.059149449,-3.022266314,0.678571429,0.034277391,7.073487759,121.1234568,118.1011905,0.999999961,0.671105806,0.015915799,0.413020833,0.025246387,39.35474186,46.89983045,1,0.998553723
P9_9.mp4,143,1,virtual,reality,0,1258,890,10,113.7507858,88.76863235,0.955835962,0.209007712,-14.33289242,0.553571429,0.034277391,23.77479362,121.3209877,106.9880952,1.121191424,0.677032697,0.015884452,0.419585613,0.025446303,38.02465892,47.73245138,1,0.998553723
P9_9.mp4,144,1,virtual,reality,0,1255,862,9,119.778656,90.19282693,0.992094862,0.067404948,-2.573469388,0.833333333,0.034770641,8.073667526,121.1020408,118.5285714,1.029370961,0.680177469,0.015616802,0.423416456,0.025078037,37.2109375,48.02676998,1,0.998553723
P9_9.mp4,145,1,virtual,reality,0,1254,860,9,121.4664001,91.9075981,1,0.026305271,-0.051020408,0.9375,0.034770634,3.195202589,121.4081633,121.3571429,0.999999951,0.684400077,0.015868538,0.429035143,0.025662002,36.30086981,48.36826708,1,0.998553723
P9_9.mp4,146,1,virtual,reality,0,1257,862,9,116.003952,86.38452179,0.95256917,0.170383188,-9.797959184,0.645833333,0.034770641,19.765131,121.3265306,111.5285714,1.138233886,0.688050251,0.015588831,0.434397797,0.025242003,35.49366144,48.69239752,1,0.998553723
P9_9.mp4,147,1,virtual,reality,1,1256,864,10,116.082016,92.29914865,0.952681388,0.160869147,-10.1276455,0.553571429,0.034277391,18.67403793,121.4074074,111.2797619,1.092627201,0.690937018,0.016008391,0.438945006,0.026074109,34.79254963,48.9322741,1,0.998553723
P9_9.mp4,148,1,virtual,reality,0,1250,822,9,120.6363602,92.56769691,1,0.038973222,-1.217346939,0.833333333,0.034770634,4.701588154,121.2244898,120.0071429,0.999999951,0.696174769,0.01578125,0.447887731,0.025748808,33.58765871,49.2358606,1,0.998553723
P9_9.mp4,149,1,virtual,reality,0,1250,821,9,120.8221359,92.78999568,1,0.043823603,-1.440816327,0.833333333,0.034770641,5.294861317,121.4693878,120.0285714,0.999999951,0.699055748,0.016043596,0.453124123,0.026231937,32.88174453,49.40202827,1,0.998553723
P9_9.mp4,150,1,virtual,reality,0,1252,820,7,121.6040268,75.79546556,1,0.012633001,0.385902637,1,0.041002574,1.536224008,121.2758621,121.6617647,0.999999916,0.701813272,0.015786073,0.458141309,0.025760206,32.26886399,49.49500336,1,0.998553723
P9_9.mp4,151,1,virtual,reality,0,1240,803,6,121.3628311,61.94683112,1,0.023358643,-0.276400862,0.9375,0.053725795,2.834872484,121.4482759,121.171875,0.99999989,0.704543789,0.016269772,0.463107639,0.026644045,31.65562395,49.59734719,1,0.998553723
P9_9.mp4,152,1,virtual,reality,0,1238,806,9,120.8774719,93.48959756,1,0.041761875,-1.284693878,0.791666667,0.034770634,5.048069,121.4489796,120.1642857,0.999999951,0.707208719,0.016134742,0.467954721,0.026381874,30.99492407,49.69940987,1,0.998553723
P9_9.mp4,153,1,virtual,reality,0,1238,796,9,120.9644241,93.9227879,1,0.044608534,-1.678571429,0.895833333,0.034770634,5.39604044,121.8571429,120.1785714,0.999999951,0.71158613,0.016312211,0.475916281,0.026709806,29.98281688,49.85291732,1,0.998553723
P9_9.mp4,154,1,virtual,reality,0,1238,793,8,117.7766495,83.65911045,0.979695431,0.131578506,-8.87244898,0.75,0.039094968,15.49687958,121.4081633,112.5357143,1.067965398,0.71353588,0.015667438,0.479475309,0.025498913,29.51271745,49.89636358,1,0.998553723
P9_9.mp4,155,1,virtual,reality,0,1276,796,9,120.4347839,93.15209584,0.996047431,0.062307011,-2.436734694,0.770833333,0.034770634,7.503931522,121.6938776,119.2571429,1.016210161,0.715511188,0.016268808,0.483070286,0.02661774,29.06631506,49.95915359,1,0.998553723
P9_9.mp4,156,1,virtual,reality,0,1276,794,9,119.782608,92.53498203,0.996047431,0.071460529,-3.366326531,0.75,0.034770634,8.5597229,121.3877551,118.0214286,1.016006832,0.717761863,0.016154032,0.487177329,0.026401164,28.65684536,50.00672104,1,0.998553723
P9_9.mp4,157,1,virtual,reality,0,1306,794,9,118.7430801,91.16747751,0.984189723,0.106137888,-5.668367347,0.708333333,0.034770634,12.60316753,121.7755102,116.1071429,1.03648988,0.719832658,0.016302566,0.490955563,0.026683502,28.18517992,50.07086379,1,0.998553723
P9_9.mp4,158,1,virtual,reality,0,1306,782,9,120.8735199,93.73108016,1,0.048630951,-1.702040816,0.854166667,0.034770634,5.87817955,121.6734694,119.9714286,0.999999951,0.72310571,0.01616223,0.496888152,0.026426592,27.46757944,50.17595588,1,0.998553723
P9_9.mp4,159,1,virtual,reality,0,1306,765,7,120.8926163,77.38013114,1,0.040953331,-2.234279919,0.916666667,0.041002574,4.950955391,121.7931034,119.5588235,0.999999916,0.725016397,0.016331501,0.500387556,0.026715067,27.14716874,50.22912918,1,0.998553723
P9_9.mp4,160,1,virtual,reality,0,1304,768,9,117.8616638,91.19256228,0.980237154,0.119621339,-6.964285714,0.708333333,0.034770634,14.09876919,121.5714286,114.6071429,1.060268532,0.726929012,0.016152585,0.50386767,0.026403795,26.70309782,50.26351724,1,0.998553723
P9_9.mp4,161,1,virtual,reality,0,1304,768,9,118.0909119,91.38309594,0.980237154,0.116608537,-6.605102041,0.645833333,0.034770634,13.77041149,121.6122449,115.0071429,1.060268532,0.728786169,0.016540316,0.507246949,0.027113145,26.3363724,50.31900029,1,0.998553723
P9_9.mp4,162,1,virtual,reality,0,1306,770,9,119.3241119,92.35698265,0.988142292,0.081032365,-4.746938776,0.6875,0.034770634,9.669110298,121.7755102,117.0285714,1.030149302,0.729788773,0.016146798,0.509070742,0.026402041,26.12544718,50.33467481,1,0.998553723
P9_9.mp4,163,1,virtual,reality,0,1302,738,7,122.4295273,80.29754155,1,0.009754622,0.730730223,1,0.041002574,1.194253922,121.9310345,122.6617647,0.999999916,0.733269676,0.01631414,0.515347047,0.02671156,25.45542228,50.40488942,1,0.998553723
P9_9.mp4,164,1,virtual,reality,0,1302,740,9,119.0118561,93.04107449,0.984189723,0.104498437,-5.725510204,0.6875,0.034770634,12.43655109,122.0612245,116.3357143,1.044503241,0.735152392,0.016173804,0.51876666,0.026459035,25.11355307,50.44336587,1,0.998553723
P9_9.mp4,165,1,virtual,reality,0,1302,740,9,119.0197601,93.15927803,0.984189723,0.100921653,-5.667346939,0.6875,0.034770634,12.01167011,122.0816327,116.4142857,1.044503241,0.736975309,0.016300154,0.522055626,0.026687009,24.84450319,50.49751035,1,0.998553723
P9_9.mp4,166,1,virtual,reality,0,1304,738,9,114.2885361,88.63404374,0.948616601,0.213715618,-14.15510204,0.583333333,0.034770634,24.42526817,122.0408163,107.8857143,1.105509626,0.739412133,0.015982832,0.526473064,0.026116197,24.27291141,50.60343889,1,0.998553723
P9_9.mp4,167,1,virtual,reality,0,1296,738,9,119.2569199,93.42711709,0.992094862,0.101146914,-5.239795918,0.6875,0.034770634,12.06246948,122.0612245,116.8214286,1.029370961,0.741499807,0.016545139,0.530267957,0.027133312,23.95290492,50.69505988,1,0.998553723
P9_9.mp4,168,1,virtual,reality,0,1224,746,9,119.9328079,94.59679624,1,0.062488,-3.687755102,0.666666667,0.034770634,7.494362354,121.9591837,118.2714286,0.999999951,0.7455136,0.01583044,0.537564885,0.025830352,23.24233919,50.76274732,1,0.998553723
P9_9.mp4,169,1,virtual,reality,0,1224,746,9,120.1304321,94.53729845,1,0.060763506,-3.337755102,0.604166667,0.034770634,7.299540043,121.9591837,118.6214286,0.999999951,0.747447434,0.016438561,0.541077441,0.026943042,22.85995283,50.80640346,1,0.998553723
P9_9.mp4,170,1,virtual,reality,0,1224,750,9,119.0830002,93.55195563,0.988142292,0.098282118,-5.229591837,0.729166667,0.034770634,11.70374298,121.9795918,116.75,1.036733804,0.748292342,0.016072531,0.542613636,0.026280163,22.67394693,50.83750551,1,0.998553723
P9_9.mp4,171,1,virtual,reality,0,1160,748,9,118.66008,93.03626695,0.984189723,0.122630659,-6.567346939,0.625,0.034770634,14.5513773,122.2244898,115.6571429,1.040291061,0.74933642,0.01648968,0.544504945,0.027039492,22.57935168,50.89312023,1,0.998553723
P9_9.mp4,172,1,virtual,reality,0,1162,740,9,116.6996078,91.65870208,0.976284585,0.151532476,-9.842857143,0.604166667,0.034770634,17.68377495,122.1428571,112.3,1.022794852,0.75047309,0.016119309,0.546569865,0.026371352,22.20655338,50.90607583,1,0.998553723
P9_9.mp4,173,1,virtual,reality,0,1160,743,9,114.5335999,88.9601886,0.95256917,0.204835825,-13.61326531,0.583333333,0.034770641,23.46058083,122.0204082,108.4071429,1.114315273,0.751371528,0.016226852,0.548212156,0.026566884,22.16227992,50.95685463,1,0.998553723
P9_9.mp4,174,1,virtual,reality,0,1160,742,9,118.8735199,93.64123356,0.984189723,0.112505382,-5.923469388,0.625,0.034770634,13.37391186,122.1020408,116.1785714,1.030364253,0.751871624,0.016143904,0.549118792,0.026417824,22.00535652,50.96336513,1,0.998553723
P9_9.mp4,175,1,virtual,reality,0,1158,728,9,116.0316238,90.73797884,0.968379447,0.166617696,-11.12244898,0.583333333,0.034770634,19.33294868,122.122449,111,1.067082125,0.752325907,0.016278935,0.549943883,0.026657197,21.91523306,50.98094232,1,0.998553723
P9_9.mp4,176,1,virtual,reality,0,1158,728,9,115.059288,90.2762347,0.95256917,0.193675774,-12.54591837,0.5625,0.034770634,22.28418541,121.9387755,109.3928571,1.070093878,0.753008295,0.016082176,0.551178451,0.026304714,21.80743459,50.99363671,1,0.998553723
P9_9.mp4,177,1,virtual,reality,0,1160,726,8,118.8274078,87.39214613,0.979695431,0.110023535,-7.931972789,0.772727273,0.039094963,13.07381344,122.2653061,114.3333333,1.061729768,0.753672357,0.016509934,0.552389345,0.027085087,21.66597398,51.0122635,1,0.998553723
P9_9.mp4,178,1,virtual,reality,0,1158,728,8,121.4619293,90.08727367,1,0.036504673,-1.391156463,0.954545455,0.039094963,4.43392992,121.9387755,120.547619,0.999999937,0.754387539,0.015718075,0.553686167,0.025644465,21.52213454,50.99375458,1,0.998553723
P9_9.mp4,179,1,virtual,reality,0,1165,718,7,122.1744995,81.6643925,1,0.010675387,-0.084178499,1,0.041002574,1.304262161,122.1724138,122.0882353,0.999999916,0.754825907,0.016443383,0.554482323,0.026966716,21.59023569,51.03302063,1,0.998553723
P9_9.mp4,180,1,virtual,reality,0,1164,716,7,121.1677856,80.861008,0.993288591,0.050154717,-2.197768763,0.861111111,0.041002574,6.077128887,122.3448276,120.1470588,1.028702984,0.755269097,0.016103395,0.555287247,0.026348555,21.55464804,51.02047175,1,0.998553723
P9_9.mp4,181,1,virtual,reality,0,1165,718,7,122.1543655,81.94627993,1,0.0094238,-0.079107505,1,0.041002574,1.151158214,122.137931,122.0588235,0.999999916,0.755451389,0.016466049,0.555616933,0.027013187,21.50470065,51.03103415,1,0.998553723
P9_9.mp4,182,1,virtual,reality,0,1166,718,8,120.9238586,89.78152623,0.994923858,0.065667151,-2.971088435,0.840909091,0.039094963,7.940727711,122.244898,119.2738095,1.021246124,0.755677083,0.016115934,0.556028164,0.026379244,21.47713507,51.01728572,1,0.998553723
P9_9.mp4,183,1,virtual,reality,0,1165,719,7,122.1073837,81.88384033,1,0.011430755,0.053752535,1,0.041002574,1.39577949,122.0344828,122.0882353,0.999999916,0.755886863,0.016440972,0.556411336,0.026965839,21.50052434,51.02531022,1,0.998553723
P9_9.mp4,184,1,virtual,reality,0,1168,708,6,122.1238937,68.76389374,1,0.013078456,0.215517241,1,0.053725795,1.597191691,122.0344828,122.25,0.99999989,0.756561535,0.016075907,0.557633628,0.026303837,21.43318077,51.04011347,1,0.998553723
P9_9.mp4,185,1,virtual,reality,0,1170,710,9,117.9011841,93.49577868,0.988142292,0.110980941,-7.376530612,0.583333333,0.034770634,13.0847826,122.0408163,114.6642857,1.015335021,0.756725502,0.01637201,0.557932625,0.026844837,21.49393501,51.05480909,1,0.998553723
P9_9.mp4,186,1,virtual,reality,0,1170,708,8,117.7258911,87.2245137,0.979695431,0.134101025,-10.10884354,0.681818182,0.039094963,15.78718281,122.2040816,112.0952381,1.075203939,0.75694348,0.016101466,0.558327196,0.026352939,21.47632488,51.03347848,1,0.998553723
P9_9.mp4,187,1,virtual,reality,0,1172,708,8,122.0203018,91.12131192,1,0.022748829,0.232993197,0.931818182,0.039094963,2.775815248,121.8979592,122.1309524,0.999999937,0.757101659,0.016291474,0.558615671,0.026701038,21.47452125,51.03466755,1,0.998553723
P9_9.mp4,188,1,virtual,reality,0,1176,708,9,112.4268799,87.79941458,0.936758893,0.231964764,-17.74897959,0.5625,0.034770634,26.07908058,122.1632653,104.4142857,1.103721118,0.757390529,0.016068191,0.559146149,0.026295946,21.46382313,51.00671359,1,0.998553723
P9_9.mp4,189,1,virtual,reality,0,1176,708,9,117.0118561,92.1104682,0.968379447,0.147371648,-9.371428571,0.708333333,0.034770634,17.24425888,122.1428571,112.7714286,1.090302926,0.757459973,0.016405285,0.559272412,0.026908845,21.53219171,51.03500271,1,0.998553723
P9_9.mp4,190,1,virtual,reality,0,1178,708,9,119.885376,95.43833434,0.992094862,0.08379077,-3.920408163,0.729166667,0.034770634,10.04528809,122.0204082,118.1,1.000128613,0.757105517,0.016080247,0.558618301,0.026320497,21.59756681,51.01773967,1,0.998553723
P9_9.mp4,191,1,virtual,reality,0,1178,710,8,121.0862961,89.94212712,0.994923858,0.064551234,-2.397959184,0.863636364,0.039094963,7.816270351,122.0408163,119.6428571,1.019216019,0.756556231,0.016213349,0.557626613,0.0265625,21.77668789,51.032743,1,0.998553723
P9_9.mp4,192,1,virtual,reality,0,1180,703,8,121.8527908,91.296317,1,0.020462173,-0.493197279,0.977272727,0.039094968,2.493373394,122.0408163,121.547619,0.999999937,0.756289545,0.016127508,0.557139976,0.026402918,21.85444725,51.02655545,1,0.998553723
P9_9.mp4,193,1,virtual,reality,0,1180,704,8,120.9340134,90.67965157,1,0.052085237,-2.80952381,0.840909091,0.039094963,6.298870564,122.1428571,119.3333333,0.999999937,0.755166377,0.016347897,0.555095223,0.026808887,22.12729377,51.04856922,1,0.998553723
P9_9.mp4,194,1,virtual,reality,0,1186,703,8,119.3248749,88.45067837,0.994923858,0.09222051,-6.836734694,0.704545455,0.039094968,11.00419998,121.9795918,115.1428571,1.020230062,0.753567708,0.015708912,0.552196444,0.025646219,22.44901007,51.04115191,1,0.998553723
P9_9.mp4,195,1,virtual,reality,0,1186,703,6,122.353981,69.27558102,1,0.00972045,0.725215517,1,0.053725795,1.189335704,121.9310345,122.65625,0.99999989,0.752730517,0.016345004,0.550667263,0.02680275,22.64101957,51.05861391,1,0.998553723
P9_9.mp4,196,1,virtual,reality,0,1188,704,8,119.4923859,89.0451866,0.984771574,0.101005884,-6.091836735,0.727272727,0.039094963,12.06944561,122.1632653,116.0714286,1.047287818,0.751942033,0.0155951,0.549232779,0.025440166,22.70666561,51.06100706,1,0.998553723
P9_9.mp4,197,1,virtual,reality,0,1190,703,6,122.203537,69.09953699,1,0.013990831,-0.08512931,1,0.053725795,1.70972538,122.2413793,122.15625,0.99999989,0.750713252,0.016326678,0.547000386,0.026767677,22.89715909,51.05617529,1,0.998553723
P9_9.mp4,198,1,virtual,reality,0,1189,703,8,119.0203018,88.4564818,0.989847716,0.109495251,-7.389455782,0.704545455,0.039094968,13.03216076,122.3061224,114.9166667,1.027140472,0.74958912,0.015776427,0.544957386,0.025768098,23.16566709,51.0455863,1,0.998553723
P9_9.mp4,199,1,virtual,reality,0,1190,704,7,121.9194641,82.19056994,1,0.019899491,-0.539553753,0.972222222,0.041002574,2.426131725,122.0689655,121.5294118,0.999999916,0.746179591,0.01595245,0.538759119,0.026088138,23.81393361,51.04106603,1,0.998553723
P9_9.mp4,200,1,virtual,reality,0,1190,703,8,115.8527908,85.13470084,0.964467005,0.178941737,-14.55782313,0.636363636,0.039094968,20.73091698,122.0816327,107.5238095,1.096970684,0.744806617,0.01557581,0.536267186,0.025405093,23.96981008,51.01227244,1,0.998553723
P9_9.mp4,201,1,virtual,reality,0,1190,706,7,121.9932861,82.22634202,1,0.012829607,-0.073529412,1,0.041002574,1.565126061,122,121.9264706,0.999999916,0.743343461,0.015995853,0.533605149,0.026167052,24.33928434,50.98938927,1,0.998553723
P9_9.mp4,202,1,virtual,reality,0,1184,709,6,122.1592941,68.11929413,1,0.008334383,0.25,1,0.053725795,1.018122554,122,122.25,0.99999989,0.740043885,0.015647184,0.527607674,0.02551908,24.74945374,50.88472646,1,0.998553723
P9_9.mp4,203,1,virtual,reality,0,1287,626,7,121.6510086,84.3882262,1,0.035326755,-2.64198783,0.916666667,0.041002574,4.297539234,122.9655172,120.3235294,0.999999916,0.738588927,0.015936535,0.524951775,0.026039036,25.09818585,50.84183537,1,0.998553723
P9_9.mp4,204,1,virtual,reality,0,1389,584,8,120.2639618,90.79105086,1,0.05867755,-5.078231293,0.772727273,0.039094968,7.056804657,122.6734694,117.5952381,0.999999937,0.735936053,0.015665027,0.519905654,0.025587472,25.31842558,50.71817377,1,0.998553723
P9_9.mp4,205,1,virtual,reality,0,1388,584,8,120.2436523,91.14356052,1,0.057752858,-5.380952381,0.840909091,0.039094963,6.94442749,122.7142857,117.3333333,0.999999937,0.734627701,0.015988619,0.517544367,0.026175821,25.5893764,50.67007545,1,0.998553723
P9_9.mp4,206,1,virtual,reality,0,1386,584,8,117.7563477,88.25405197,0.979695431,0.142722661,-11.71938776,0.659090909,0.039094968,16.80649567,122.8979592,111.1785714,1.060188694,0.734844715,0.015669367,0.517948583,0.025582211,25.48080282,50.61118915,1,0.998553723
P9_9.mp4,207,1,virtual,reality,1,1424,586,9,116.557312,92.25928425,0.984189723,0.130373696,-7.989795918,0.604166667,0.034770634,15.19601059,120.9183673,112.9285714,1.047350925,0.733835359,0.015958237,0.516197566,0.02604342,25.66469995,50.54700534,1,0.998553723
P9_9.mp4,208,1,virtual,reality,0,1428,587,7,121.557045,82.27880479,1,0.011332864,0.803752535,1,0.041002574,1.377590179,121.0344828,121.8382353,0.999999916,0.732853974,0.015749421,0.514458824,0.025635697,25.77080527,50.47260852,1,0.998553723
P9_9.mp4,209,1,virtual,reality,0,1428,585,7,121.577179,82.43211356,1,0.016810339,0.356997972,0.972222222,0.041002574,2.043752432,121.1724138,121.5294118,0.999999916,0.730521798,0.016034433,0.510397377,0.026097783,26.14031022,50.31153917,1,0.998553723
P9_9.mp4,210,1,virtual,reality,0,1428,592,9,117.7667999,91.97352016,0.992094862,0.116637011,-6.321428571,0.625,0.034770634,13.73597431,121.1428571,114.8214286,1.014643899,0.728939525,0.015737365,0.507723064,0.025479623,26.51351536,50.25766533,1,0.998553723
P9_9.mp4,211,1,virtual,reality,0,1426,591,8,121.6852798,90.35470133,1,0.016273258,0.581632653,1,0.039094968,1.980216503,121.2040816,121.7857143,0.999999937,0.727409819,0.016061439,0.505023324,0.026035529,26.82850116,50.16037228,1,0.998553723
P9_9.mp4,212,1,virtual,reality,0,1411,591,8,118.8426361,88.82059754,0.984771574,0.10375138,-6.170068027,0.772727273,0.039094968,12.33008862,121.2653061,115.0952381,1.02981161,0.726043596,0.015759066,0.502584877,0.025414738,27.16589682,50.06727586,1,0.998553723
P9_9.mp4,213,1,virtual,reality,0,1413,591,8,121.7918777,91.58893927,1,0.017417259,0.615646259,1,0.039094968,2.121281147,121.2653061,121.8809524,0.999999937,0.724679302,0.016086034,0.500163966,0.025968013,27.50440604,49.97213998,1,0.998553723
P9_9.mp4,214,1,virtual,reality,0,1412,584,9,113.2411041,89.13226556,0.956521739,0.214712994,-15.2244898,0.583333333,0.034770634,24.31434059,121.3673469,106.1428571,1.074342814,0.724890046,0.015936535,0.500537493,0.025664632,27.56208088,49.87977209,1,0.998553723
P9_9.mp4,215,1,virtual,reality,0,1402,595,8,120.5989838,89.71835934,0.989847716,0.073852544,-3.168367347,0.818181818,0.039094968,8.906543732,121.4897959,118.3214286,1.032606955,0.725139853,0.016232639,0.501216155,0.026096907,27.59284775,49.81822129,1,0.998553723
P9_9.mp4,216,1,virtual,reality,0,1404,603,6,121.5663681,66.5631681,1,0.010603271,0.496228448,1,0.053725795,1.28900063,121.2068966,121.703125,0.99999989,0.725108025,0.016011285,0.50128104,0.025654111,27.69382716,49.74113693,1,0.998553723
P9_9.mp4,217,,virtual,reality,0,,,,,,,,,,,,,,,0.724945505,0.016292921,0.50098555,0.026146009,27.78219522,49.66982539,1,0.998553723
P9_9.mp4,218,,virtual,reality,0,,,,,,,,,,,,,,,0.726824363,0.015948592,0.504326249,0.025569059,27.50755121,49.68015036,1,0.998553723
P9_9.mp4,219,,virtual,reality,0,,,,,,,,,,,,,,,0.727948013,0.016187307,0.506381524,0.026023253,27.31926645,49.62842119,1,0.998553723
P9_9.mp4,220,,virtual,reality,0,,,,,,,,,,,,,,,0.728447145,0.015911458,0.50723818,0.025511188,27.14315025,49.6125506,1,0.998553723
P9_9.mp4,221,,virtual,reality,0,,,,,,,,,,,,,,,0.729238522,0.016241319,0.50868494,0.02615127,26.89735813,49.6154424,1,0.998553723
P9_9.mp4,222,,virtual,reality,0,,,,,,,,,,,,,,,0.730138407,0.016072531,0.510321093,0.025783004,26.60167298,49.62220857,1,0.998553723
P9_9.mp4,223,,virtual,reality,0,,,,,,,,,,,,,,,0.730953897,0.016444348,0.511862549,0.026469557,26.29515029,49.62033193,1,0.998553723
P9_9.mp4,224,,virtual,reality,0,,,,,,,,,,,,,,,0.732375579,0.016130883,0.514467593,0.025882962,26.0509005,49.59092949,1,0.998553723
P9_9.mp4,225,,virtual,reality,0,,,,,,,,,,,,,,,0.733025656,0.016467978,0.51566358,0.026513398,26.04748089,49.56496541,1,0.998553723
P9_9.mp4,226,,virtual,reality,0,,,,,,,,,,,,,,,0.732308063,0.016069637,0.514401831,0.025825968,26.23435133,49.47900608,1,0.998553723
P9_9.mp4,227,,virtual,reality,0,,,,,,,,,,,,,,,0.732345197,0.016364776,0.514443042,0.026291561,26.37730429,49.43738716,1,0.998553723
P9_9.mp4,228,,virtual,reality,0,,,,,,,,,,,,,,,0.732434896,0.016323785,0.514633312,0.026276655,26.48437062,49.37441787,1,0.998553723
P9_9.mp4,229,,virtual,reality,0,,,,,,,,,,,,,,,0.732959587,0.01651331,0.515582036,0.026640537,26.5916807,49.3050896,1,0.998553723
P9_9.mp4,230,,virtual,reality,0,,,,,,,,,,,,,,,0.733887442,0.016296296,0.517340944,0.026224923,26.43089226,49.2946011,1,0.998553723
P9_9.mp4,231,,virtual,reality,0,,,,,,,,,,,,,,,0.734459394,0.016526813,0.518486953,0.026587051,26.39916789,49.29551155,1,0.998553723
P9_9.mp4,232,,virtual,reality,0,,,,,,,,,,,,,,,0.734835069,0.016274595,0.51927171,0.026104798,26.28310624,49.28503444,1,0.998553723
P9_9.mp4,233,,virtual,reality,0,,,,,,,,,,,,,,,0.734808063,0.016600598,0.519661897,0.026659827,26.27942884,49.29800829,1,0.998553723
P9_9.mp4,234,,virtual,reality,0,,,,,,,,,,,,,,,0.734596836,0.016228781,0.520008242,0.026006594,26.25523113,49.2641167,1,0.998553723
P9_9.mp4,235,,virtual,reality,0,,,,,,,,,,,,,,,0.734957079,0.016491609,0.520424733,0.026420455,26.22525603,49.27140915,1,0.998553723
P9_9.mp4,236,,virtual,reality,0,,,,,,,,,,,,,,,0.73516059,0.016182002,0.521007821,0.025845258,26.12397324,49.28532009,1,0.998553723
P9_9.mp4,237,,virtual,reality,0,,,,,,,,,,,,,,,0.735364583,0.016485822,0.521509364,0.026410809,26.09011381,49.28268615,1,0.998553723
P9_9.mp4,238,,virtual,reality,0,,,,,,,,,,,,,,,0.737649981,0.016398534,0.524797454,0.026257365,25.76575302,49.33039336,1,0.998553723
P9_9.mp4,239,,virtual,reality,0,,,,,,,,,,,,,,,0.738714796,0.016593364,0.526793981,0.026625631,25.59960543,49.32729391,1,0.998553723
P9_9.mp4,240,,virtual,reality,0,,,,,,,,,,,,,,,0.740207851,0.016272184,0.529671717,0.025953984,25.23882225,49.36005211,1,0.998553723
P9_9.mp4,241,,virtual,reality,0,,,,,,,,,,,,,,,0.740837674,0.016569252,0.531014134,0.026434484,25.01342856,49.37273606,1,0.998553723
P9_9.mp4,242,,virtual,reality,0,,,,,,,,,,,,,,,0.742681327,0.016285687,0.534590699,0.025867179,24.70992652,49.4003621,1,0.998553723
P9_9.mp4,243,,virtual,reality,0,,,,,,,,,,,,,,,0.7445163,0.016659433,0.538153234,0.026522166,24.27185659,49.421979,1,0.998553723
P9_9.mp4,244,,virtual,reality,0,,,,,,,,,,,,,,,0.746116416,0.01629485,0.541261574,0.025825091,23.98165509,49.46194719,1,0.998553723
P9_9.mp4,245,,virtual,reality,0,1350,586,8,114.8375626,79.5923835,0.989847716,0.135947265,-15.46428571,0.568181818,0.039094963,15.61185455,122,106.5357143,1.026667113,0.748927469,0.016688368,0.546972327,0.026477448,23.41484463,49.51194593,1,0.998553723
P9_9.mp4,246,,virtual,reality,0,1348,586,8,119.7563477,91.31833113,1,0.060156872,-4.369047619,0.772727273,0.039094963,7.20416832,121.7142857,117.3452381,0.999999937,0.749769001,0.016488715,0.548159547,0.026027637,23.09565534,49.52053861,1,0.998553723
P9_9.mp4,247,,virtual,reality,0,,,,,,,,,,,,,,,0.750686246,0.016735629,0.54992547,0.02654321,22.97177855,49.52875118,1,0.998553723
P9_9.mp4,248,,virtual,reality,0,1350,588,8,116.360405,87.79566668,0.964467005,0.16844872,-13.38265306,0.659090909,0.039094963,19.60075951,122.0612245,108.6785714,1.09200557,0.75181086,0.016399498,0.551983375,0.025871563,22.6558756,49.53305554,1,0.998553723
P9_9.mp4,249,,virtual,reality,0,1350,588,8,116.1421356,87.60035417,0.964467005,0.171271534,-13.70408163,0.659090909,0.039094963,19.89183617,122.0612245,108.3571429,1.109659088,0.752856385,0.01644483,0.554002701,0.025968013,22.41012468,49.55358853,1,0.998553723
P9_9.mp4,250,,virtual,reality,0,1348,590,8,115.1116714,86.59376511,0.939086294,0.196362127,-16.31462585,0.636363636,0.039094963,22.60354614,122.0408163,105.7261905,1.139384129,0.752996238,0.016616995,0.553868547,0.026203879,22.18637504,49.53868425,1,0.998553723
